TopAssociatedSNV,Position,LeadSNV_Gene,LDblockGRCh37,LDchr,LDstart,LDend,LDchr500,LDstart500kb,LDend500kb
rs4844610,1:207802552,CR1*,1:207679307-207850539,1,207679307,207850539,1,207179307,208350539
rs6733839,2:127892810,BIN1,2:127882182-127894615,2,127882182,127894615,2,127382182,128394615
rs10933431,2:233981912,INPP5D,2:233976593-233981912,2,233976593,233981912,2,233476593,234481912
rs9275152,6: 32652196,HLA-DRB1,6:32395036-32636434,6,32395036,32636434,6,31895036,33136434
rs75932628,6:41129252,TREM2*,6:40706366-41365821,6,40706366,41365821,6,40206366,41865821
rs9473117,6:47431284,CD2AP,6:47412916-47628558,6,47412916,47628558,6,46912916,48128558
rs12539172,7:100091795,NYAP1,7:99932049-100190116,7,99932049,100190116,7,99432049,100690116
rs11762262,7:143107876,EPHA1,7:143099107-143109208,7,143099107,143109208,7,142599107,143609208
rs73223431,8:27219987,PTK2B,8:27195121-27238052,8,27195121,27238052,8,26695121,27738052
rs9331896,8:27467686,CLU,8:27456253-27468503,8,27456253,27468503,8,26956253,27968503
rs7920721,10:11720308,ECHDC3,10:11703491-11723257,10,11703491,11723257,10,11203491,12223257
rs3740688,11:47380340,SPI1*,11:47372377-47466790,11,47372377,47466790,11,46872377,47966790
rs7933202,11:59936926,MS4A2,11:59856028-60097777,11,59856028,60097777,11,59356028,60597777
rs3851179,11:85868640,PICALM,11:85670385-85868640,11,85670385,85868640,11,85170385,86368640
rs11218343,11:121435587,SORL1*,11:121433926-121461593,11,121433926,121461593,11,120933926,121961593
rs17125924,14:53391680,FERMT2,14:53293307-53462216,14,53293307,53462216,14,52793307,53962216
rs12881735,14:92932828,SLC24A4,14:92926952-92957176,14,92926952,92957176,14,92426952,93457176
rs593742,15:59045774,ADAM10*,15:58873555-59120077,15,58873555,59120077,15,58373555,59620077
rs7185636,16:19808163,IQCK,16:19706199-19867021,16,19706199,19867021,16,19206199,20367021
rs62039712,16:79355847,WWOX,16:79355847-79355847,16,79355847,79355847,16,78855847,79855847
rs138190086,17:61538148,ACE,17:61499732-61543566,17,61499732,61543566,17,60999732,62043566
rs3752246,19:1056492,ABCA7*,19:1050130-1075979,19,1050130,1075979,19,550130,1575979
rs6024870,20:54997568,CASS4,20:54979828-55025377,20,54979828,55025377,20,54479828,55525377
rs2830500,21:28156856,ADAMTS1,21:28146668-28166355,21,28146668,28166355,21,27646668,28666355
